wtccc_id,hw_p.value,cd_p.value,cd_or,major,minor,major_ctrl,major_disease,minor_ctrl,minor_disease,chr_n,egav_id,rs_id,cd_statistic,cd_statistic_correct,cd_p.value_correct
SNP_A-1974312,0.783937786252583,3.50110768688186e-53,5.99111230810665,G,A,0.987350199733688,0.928714357178589,0.0126498002663116,0.0712856428214107,01,EGAV00006304431,rs10494526,235.64555046995235,225.75460714101965,5.0260729061444573e-51
SNP_A-2191488,0.273229825258263,2.2142870364452e-8,1.26012098588307,T,C,0.595705725699068,0.539019509754877,0.404294274300932,0.460980490245123,01,EGAV00011794516,rs41341650,31.296937120230822,29.98328519339401,4.3578663824746966e-8
SNP_A-2132713,0.796541874232274,4.21786883735118e-8,1.26491941475286,A,G,0.676930758988016,0.623561780890445,0.323069241011984,0.376438219109555,01,EGAV00011805691,rs41511350,30.046602430012932,28.785431823270986,8.085703388841185e-8
SNP_A-1909086,0.995427142121706,7.9208807261752e-8,0.664262250851573,C,G,0.900632490013316,0.931715857928964,0.0993675099866844,0.0682841420710355,01,EGAV00000888995,rs1236920,28.825319965514066,27.61541124604683,1.4799491632256252e-7
SNP_A-2171310,0.999222986401414,1.32492462428854e-28,2.93883451349209,G,A,0.9737017310253,0.926463231615808,0.0262982689747004,0.0735367683841921,01,EGAV00007721312,rs12043362,123.10153256617485,117.93449130488841,1.79210197093558e-27
SNP_A-2141555,0.522634670795978,2.12617108754349e-16,0.698499827968046,C,G,0.622669773635153,0.702601300650325,0.377330226364847,0.297398699349675,01,EGAV00011806369,rs41521247,67.48202125311931,64.6495432088477,8.947703761132885e-16
SNP_A-4280277,0.514039535225405,1.40522926856251e-10,1.30280060093082,C,T,0.591378162450067,0.526263131565783,0.408621837549933,0.473736868434217,01,EGAV00009197349,rs17163846,41.15639243592438,39.42890153106662,3.402239345198668e-10
SNP_A-2052864,0.832873438330643,1.62488913411779e-33,5.02362251526293,A,T,0.989680426098535,0.950225112556278,0.0103195739014647,0.0497748874437219,01,EGAV00007754253,rs12077409,145.55409423651184,139.44463324937962,3.5209615463176557e-32
SNP_A-4287333,0.54125096718738,1.27124533092271e-12,0.747084725703147,G,A,0.487683089214381,0.560280140070035,0.512316910785619,0.439719859929965,01,EGAV00011806896,rs41529047,50.37310518162162,48.258753658072195,3.735270143843595e-12
SNP_A-1845401,0.832350977167939,2.21337270172141e-19,0.656476891977958,A,T,0.687749667110519,0.770385192596298,0.312250332889481,0.229614807403702,02,EGAV00011805977,rs41515446,81.03872786875306,77.63722309516369,1.2381464238777014e-18
SNP_A-1966533,0.968966700503434,3.61653853278961e-49,3.20640235703457,C,G,0.960386151797603,0.883191595797899,0.0396138482023968,0.116808404202101,02,EGAV00011799137,rs41412947,217.24061336283876,208.12219550504685,3.5282397672122453e-47
SNP_A-4261864,0.988447743608382,3.67595143927195e-44,4.61145362830108,G,A,0.983688415446072,0.928964482241121,0.0163115845539281,0.0710355177588794,02,EGAV00006132569,rs10184046,194.29275090470426,186.13754243763026,2.215473916927781e-42
SNP_A-4259284,0.239123452268027,4.24200683287846e-12,1.67951513128384,C,T,0.937916111850866,0.899949974987494,0.0620838881491345,0.100050025012506,02,EGAV00004080689,rs6735537,48.00930749919967,45.994173588167314,1.1860520175825436e-11
SNP_A-2195436,0.742638448415421,1.24920015540382e-12,1.34124331100832,A,G,0.607523302263648,0.535767883941971,0.392476697736352,0.464232116058029,02,EGAV00011796042,rs41364849,50.40743563029248,48.29164312675603,3.6731426471109596e-12
SNP_A-4221942,0.717573941526201,4.91379995393116e-18,1.6016427861063,C,T,0.864181091877497,0.798899449724862,0.135818908122503,0.201100550275138,02,EGAV00009242306,rs17352892,74.91516948774549,71.77069383606046,2.41715653828914e-17
SNP_A-1873220,0.766298855936955,7.93352972616384e-9,0.498389674476854,C,T,0.95439414114514,0.976738369184592,0.0456058588548602,0.0232616308154077,02,EGAV00005380786,rs9287641,33.291336374411394,31.89397189726746,1.6282166956934542e-8
SNP_A-2257768,0.149842017918478,8.41652136588548e-21,1.46808569739735,A,G,0.574900133155792,0.479489744872436,0.425099866844208,0.520510255127564,02,EGAV00011805015,rs41501252,87.50269093950294,83.82986895968754,5.392390766335575e-20
SNP_A-4271176,0.526965881127648,1.31211807176378e-12,0.636043429048016,T,C,0.8508655126498,0.899699849924962,0.1491344873502,0.100300150075038,02,EGAV00006119097,rs10170191,50.3110026771792,48.199257832817224,3.8503405301015704e-12
SNP_A-4249323,0.443513357339599,1.92562322637064e-14,0.52094967042348606,C,T,0.909953395472703,0.950975487743872,0.0900466045272969,0.0490245122561281,02,EGAV00001107723,rs1522103,58.60667233451221,56.146726565954594,6.72594884203941e-14
SNP_A-1897552,0.425383052280502,9.92134621311696e-10,1.28950183050081,A,G,0.621171770972037,0.559779889944973,0.378828229027963,0.440220110055028,02,EGAV00011797927,rs41393544,37.34029310029754,35.77297845249614,2.217015993091465e-9
SNP_A-1964822,0.96021071969118,5.68461404415653e-9,1.59413874155722,G,A,0.944906790945406,0.91495747873937,0.0550932090545939,0.0850425212606303,02,EGAV00000212298,rs334140,33.93972360807097,32.515143843515325,1.1826735222871885e-8
SNP_A-2119724,0.181164674978808,1.03714330178052e-9,0.506234309081968,G,A,0.947070572569907,0.972486243121561,0.0529294274300932,0.0275137568784392,02,EGAV00009094323,rs17033953,37.25376941199093,35.69008649369151,2.3133824411744313e-9
SNP_A-4252276,0.48174126162911,2.00744415720172e-95,0.175108425663163,A,T,0.82939414114514,0.965232616308154,0.17060585885486,0.0347673836918459,02,EGAV00011803993,rs41485944,429.57842700077424,411.547380506058,1.6877301374648872e-91
SNP_A-4303293,0.982893430524464,1.34350444442469e-9,1.48905229895831,C,T,0.91095206391478,0.872936468234117,0.0890479360852197,0.127063531765883,02,EGAV00008101175,rs12471083,36.749131686274175,35.206630339775074,2.965123150869728e-9
SNP_A-2135964,0.885294697420312,7.98492888030093e-17,1.42909983633388,G,A,0.692077230359521,0.611305652826413,0.307922769640479,0.388694347173587,02,EGAV00009307667,rs17667540,69.41327830248922,66.49973802729144,3.4994010549195876e-16
SNP_A-1975501,0.979272917309619,1.95008505052614e-33,4.01798149762775,G,A,0.984354194407457,0.939969984992496,0.0156458055925433,0.0600300150075038,03,EGAV00001285557,rs1805625,145.19168721350422,139.09743783261462,4.193606117822133e-32
SNP_A-1831168,0.128476010970105,2.06189556579057e-8,0.459555991315918,T,C,0.963715046604527,0.982991495747874,0.0362849533954727,0.0170085042521261,03,EGAV00011797851,rs41392347,31.435377664158988,30.11591485919743,4.0697759791011086e-8
SNP_A-1936782,0.99947990844492,6.28717358401445e-11,1.47875926696527,C,T,0.888648468708389,0.843671835917959,0.111351531291611,0.156328164082041,03,EGAV00002259378,rs2862073,42.72904679082747,40.9355455790943,1.5733335888778705e-10
SNP_A-1951332,0.447111397910941,2.18704745850419e-20,1.54015851974896,T,G,0.784620505992011,0.702851425712856,0.215379494007989,0.297148574287144,03,EGAV00011804014,rs41486250,85.61415073696303,82.020597998941,1.3467579291356612e-19
SNP_A-4292417,0.0858692407088451,7.55981580548365e-40,0.577810021707826,A,G,0.488515312916112,0.623061530765383,0.511484687083888,0.376938469234617,03,EGAV00011802718,rs41467244,174.53610021319295,167.21015379655674,3.009716703788177e-38
SNP_A-4230947,0.820324686886761,6.86383009215944e-81,0.406061216159261,G,A,0.625832223701731,0.804652326163082,0.374167776298269,0.195347673836918,03,EGAV00004108223,rs6763532,362.81530227794053,347.5865589957359,1.4213652754020888e-77
SNP_A-1824515,0.466658005288281,5.80702134690697e-8,0.797881108678121,T,G,0.552097203728362,0.607053526763382,0.447902796271638,0.392946473236618,03,EGAV00011801481,rs41448248,29.426760721420777,28.19160723743106,1.0987999358116254e-7
SNP_A-2076099,0.958684337922391,6.64767638862126e-19,2.36698626194696,A,C,0.970539280958722,0.932966483241621,0.0294607190412783,0.0670335167583792,04,EGAV00000051215,rs151411,78.86576696187439,75.5554696528141,3.552843971425312e-18
SNP_A-2010080,0.0848304948984662,1.57820320332955e-9,1.91675273088381,C,T,0.973535286284953,0.950475237618809,0.0264647137150466,0.0495247623811906,04,EGAV00004892327,rs7666328,36.43528251966183,34.90595462080307,3.460210096788888e-9
SNP_A-2171744,0.81532283395671,6.28419435092581e-26,0.527120953968729,G,A,0.817077230359521,0.894447223611806,0.182922769640479,0.105552776388194,04,EGAV00008933717,rs16837871,110.88066456583827,106.22657978762835,6.576856922401011e-25
SNP_A-2063747,0.0789262592659101,4.03444188760405e-9,0.461705741294077,G,A,0.959720372836218,0.980990495247624,0.0402796271637816,0.0190095047523762,04,EGAV00011645259,rs36067699,34.60704184007379,33.15445218183698,8.512125022208587e-9
SNP_A-1928504,0.322663980869901,9.26174671939727e-10,2.04878898762851,G,A,0.97852862849534,0.956978489244622,0.0214713715046605,0.0430215107553777,04,EGAV00009102294,rs17043621,37.47446836017035,35.901521864498704,2.0754654145922604e-9
SNP_A-4289142,0.19822553201793,3.7882286632961e-15,2.1188631632422,C,T,0.967709720372836,0.933966983491746,0.0322902796271638,0.0660330165082541,04,EGAV00004894829,rs7668879,61.80701234336365,59.21273608735259,1.4151494991647928e-14
SNP_A-2241120,0.835541667968926,6.75918194159408e-14,1.36986764431741,A,G,0.652130492676431,0.577788894447224,0.347869507323569,0.422211105552776,04,EGAV00011800577,rs41434945,56.13703579290542,53.780750097824175,2.2415825072445929e-13
SNP_A-2231773,0.194470404769593,9.99757427694948e-14,1.55107335967511,C,T,0.887483355525965,0.835667833916958,0.112516644474035,0.164332166083042,05,EGAV00011804493,rs41493747,55.36750169183071,53.04351628066414,3.2624008635165266e-13
SNP_A-2271562,0.816915207640855,1.27471420552744e-8,1.44388578724581,C,A,0.905792276964048,0.869434717358679,0.0942077230359521,0.130565282641321,05,EGAV00002586506,rs3804263,32.3695025359514,31.01083094410369,2.565925517430912e-8
SNP_A-2276890,0.692743768526991,7.01435320817067e-12,1.33882329704595,T,C,0.672936085219707,0.605802901450725,0.327063914780293,0.394197098549275,05,EGAV00011803272,rs41475448,47.023419075763734,45.0496666654871,1.920999562298144e-11
SNP_A-1984458,0.794352059352954,6.38481465983671e-8,0.514921934988482,G,A,0.956724367509987,0.977238619309655,0.0432756324900133,0.0227613806903452,05,EGAV00009122234,rs17067598,29.24294891026358,28.015510709688797,1.2034695679608165e-7
SNP_A-2294402,0.129720276303458,1.00176858032387e-18,1.48164500998413,C,T,0.741011984021305,0.658829414707354,0.258988015978695,0.341170585292646,05,EGAV00011797118,rs41381548,78.05567456990765,74.77937993106185,5.2636604681288415e-18
SNP_A-1845613,0.977954500805863,2.57917787932294e-9,0.373106820388491,A,G,0.97103861517976,0.988994497248624,0.0289613848202397,0.0110055027513757,05,EGAV00004209318,rs6866441,35.478224966255695,33.98906842647581,5.542257813657768e-9
SNP_A-1836440,0.397829417137377,4.67089086453274e-29,3.04881327867711,G,A,0.975532623169108,0.928964482241121,0.0244673768308921,0.0710355177588794,05,EGAV00008965589,rs16876548,125.17030678234568,119.91643116967134,6.598260650513249e-28
SNP_A-2196589,0.797655521173228,2.78624789147866e-9,1.29659369305748,T,C,0.705725699067909,0.649074537268634,0.294274300932091,0.350925462731366,05,EGAV00011803744,rs41482053,35.32781152422272,33.84496841080752,5.968324920345294e-9
SNP_A-4215030,0.382805093514963,1.17747685891304e-13,2.20861874559549,G,C,0.975033288948069,0.946473236618309,0.0249667110519308,0.0535267633816908,05,EGAV00001631221,rs2172239,55.04590000535639,52.73541344468398,3.8164724192667544e-13
SNP_A-2142316,0.114517957550329,1.39573267745459e-8,1.29119196385213,T,G,0.737017310252996,0.684592296148074,0.262982689747004,0.315407703851926,05,EGAV00011802512,rs41464249,32.19327156839094,30.841997063012585,2.7991408515024166e-8
SNP_A-1982107,0.129984396508899,5.98334833567187e-8,0.773866477717373,T,C,0.718541944074567,0.767383691845923,0.281458055925433,0.232616308154077,05,EGAV00011801236,rs41444348,29.368791739320258,28.1360714348056,1.1307853647643118e-7
SNP_A-4211210,0.974914747385715,2.49905332571967e-17,0.683227406005538,T,C,0.655292942743009,0.735617808904452,0.344707057256991,0.264382191095548,05,EGAV00001863218,rs2416472,71.70494615206587,68.69521582879082,1.1491937557474588e-16
SNP_A-4210896,0.809345490211608,2.79371648788407e-218,5.65195418853956,T,C,0.922103861517976,0.676838419209605,0.077896138482024,0.323161580790395,05,EGAV00011801977,rs41456445,994.5165095761791,952.7728551074721,3.3112654817133686e-209
SNP_A-1818326,0.522846764553694,1.78394948032465e-10,2.08646559864156,C,T,0.978029294274301,0.955227613806903,0.0219707057256991,0.0447723861930965,05,EGAV00006021794,rs10068247,40.69003111441996,38.98211517455775,4.277059791026182e-10
SNP_A-4244757,0.0873790557715832,1.89491650897734e-8,1.392964613821,G,C,0.880825565912117,0.841420710355178,0.119174434087883,0.158579289644822,05,EGAV00009162802,rs17116670,31.599363862365593,30.273017930648813,3.753107085077051e-8
SNP_A-2200657,0.211296945739469,2.31883895924719e-18,1.61348618628837,C,T,0.86667776298269,0.801150575287644,0.13332223701731,0.198849424712356,06,EGAV00004270171,rs6929834,76.39801794647144,73.19130148420712,1.176732268644934e-17
SNP_A-4228251,0.774659453340188,8.13241086014331e-9,0.375962864233845,C,A,0.972536617842876,0.989494747373687,0.0274633821571238,0.0105052526263132,06,EGAV00005476644,rs9402826,33.243188714532096,31.847845178476746,1.6673454307437413e-8
SNP_A-2023804,0.79565013511827,7.35030720749652e-10,1.44297744524771,C,A,0.885818908122503,0.843171585792896,0.114181091877497,0.156828414207104,06,EGAV00000101495,rs206731,37.92537263054611,36.333499961322,1.662809999153167e-9
SNP_A-1987156,0.48413337038303,2.10577876320238e-25,0.4706424945303,T,C,0.866178428761651,0.932216108054027,0.133821571238349,0.067783891945973,06,EGAV00006308933,rs10499044,108.48367231017016,103.93019844743657,2.095707529539102e-24
SNP_A-2108269,0.999996150215576,1.29575362072422e-43,1.77069942467602,C,G,0.623002663115846,0.482741370685343,0.376997336884154,0.517258629314657,06,EGAV00010888034,rs35225149,191.7858750994356,183.73588977989456,7.409163433073492e-42
SNP_A-1807323,0.762680179646835,1.85843490438752e-8,0.763398482786431,T,A,0.728362183754993,0.778389194597299,0.271637816245007,0.221610805402701,06,EGAV00000929219,rs1324132,31.637115811610688,30.309185286466214,3.683773049542483e-8
SNP_A-4265883,0.463545153919755,2.17663662524649e-29,2.67533316464238,G,A,0.965379494007989,0.912456228114057,0.0346205059920107,0.087543771885943,06,EGAV00000091083,rs195519,126.68559552529895,121.36811745947567,3.174157408377273e-28
SNP_A-1985705,0.939585914313976,1.36725787671724e-12,1.60023232166633,C,A,0.916278295605859,0.872436218109054,0.0837217043941411,0.127563781890945,06,EGAV00000815128,rs1110235,50.230222218986086,48.12186803883347,4.005344517088816e-12
SNP_A-1939292,0.0926138562419053,7.97804100788615e-28,2.18633988790729,T,A,0.940079893475366,0.877688844422211,0.0599201065246338,0.122311155577789,06,EGAV00002567043,rs3777582,119.53975316477809,114.5222133820433,1.00138187440863e-26
SNP_A-2077581,0.935351182882091,1.70251244479258e-18,1.43506185746362,T,C,0.595372836218375,0.506253126563282,0.404627163781624,0.493746873436718,06,EGAV00011805036,rs41501546,77.00818118480144,73.77585384212931,8.751055647413997e-18
SNP_A-1868066,0.271237522122461,4.235574659631e-11,1.8099336560875,C,G,0.960053262316911,0.929964982491246,0.0399467376830892,0.0700350175087544,06,EGAV00009130726,rs17077879,43.50185606566199,41.67591709846848,1.0772782493693639e-10
SNP_A-1908738,0.828759041487136,1.16277569279364e-10,1.47649753837976,G,T,0.891311584553928,0.847423711855928,0.108688415446072,0.152576288144072,06,EGAV00005515420,rs9462616,41.526606822603284,39.78357660664504,2.8372085241498843e-10
SNP_A-2222833,0.853296260232105,2.92534039442552e-10,1.39578133498456,C,T,0.843375499334221,0.79414707353676794,0.156624500665779,0.205852926463232,06,EGAV00005530247,rs9478918,39.72383156204188,38.05647070585493,6.872640857423823e-10
SNP_A-2262680,0.717517975594169,1.69365249272986e-19,1.49222254180238,A,C,0.737683089214381,0.653326663331666,0.262316910785619,0.346673336668334,06,EGAV00011794072,rs41334651,81.56763353902002,78.1439285753548,9.57996292117791e-19
SNP_A-4253218,0.968277771694817,8.79283558476659e-10,1.70797263163058,T,G,0.956058588548602,0.927213606803402,0.0439414114513981,0.0727863931965983,06,EGAV00000091999,rs196458,37.575806434082054,35.998606392590744,1.974587028089475e-9
SNP_A-4298645,0.63816790849432,5.65711053486868e-9,2.12664173372118,T,A,0.982856191744341,0.964232116058029,0.0171438082556591,0.035767883941971,06,EGAV00001129373,rs1545653,33.949159953518844,32.52418410952155,1.1771849001229633e-8
SNP_A-2079673,0.999963001559891,7.04290435218958e-17,1.66387772996399,C,T,0.899966711051931,0.84392196098049,0.100033288948069,0.15607803901951,07,EGAV00005023979,rs7801967,69.66088375091353,66.73695052981283,3.1026451413712783e-16
SNP_A-4274004,0.821570629044147,8.95307199397552e-8,1.35535830740208,G,A,0.867842876165113,0.828914457228614,0.132157123834887,0.171085542771386,07,EGAV00004310246,rs6971267,28.58809987006587,27.38814818359112,1.6644823480554e-7
SNP_A-2286794,0.167425477802933,6.67069557974696e-9,1.36190896566483,C,T,0.844207723035952,0.799149574787394,0.155792276964048,0.200850425212606,07,EGAV00005023714,rs7801695,33.62853445185108,32.217016484145034,1.378779050502102e-8
SNP_A-1791439,0.0729388615769375,6.22290064111378e-11,0.48085799576933,G,A,0.945905459387483,0.973236618309155,0.0540945406125166,0.0267633816908454,07,EGAV00003024952,rs4541810,42.749147245109896,40.95480234057711,1.5579072750036204e-10
SNP_A-1991040,0.878869217321,4.81169137704974e-19,1.5192938294147,T,C,0.786784287616511,0.708354177088544,0.213215712383489,0.291645822911456,07,EGAV00011804972,rs41500551,79.50433203964933,76.16723171655583,2.606309268609218e-18
SNP_A-4212550,0.816268310992,1.19213884860101e-9,1.28365166412725,A,G,0.56358189081225,0.501500750375188,0.43641810918775,0.498499249624812,07,EGAV00011800830,rs41438745,36.98217888129591,35.42989565436525,2.643973775202226e-9
SNP_A-1912966,0.252124135091299,2.38380730705109e-9,1.49621359724427,C,T,0.916611185086551,0.880190095047524,0.0833888149134487,0.119809904952476,07,EGAV00007463066,rs11771762,35.631667154227195,34.13607006005336,5.138979989159744e-9
SNP_A-4261472,0.61003555339994,1.24398048212939e-10,2.23297366619418,C,T,0.98202396804261,0.960730365182591,0.0179760319573901,0.0392696348174087,07,EGAV00009198711,rs17165842,41.39463941404902,39.65714837401272,3.026947474200964e-10
SNP_A-1992725,0.0770409575843014,2.81944498534118e-12,1.33271753733523,T,C,0.578894806924101,0.507753876938469,0.421105193075899,0.492246123061531,08,EGAV00001308075,rs1830189,48.81037448664722,46.76161673608247,8.01683062596673e-12
SNP_A-1994732,0.807671280955089,1.10779403801913e-24,1.58369077742805,T,C,0.75482689747004,0.660330165082541,0.24517310252996,0.339669834917459,08,EGAV00011799205,rs41414254,105.1933794055078,100.77801169665956,1.0289222871171552e-23
SNP_A-4279802,0.617079243579904,5.37150890080093e-17,0.522970227908487,G,A,0.890312916111851,0.939469734867434,0.109687083888149,0.0605302651325663,08,EGAV00009128474,rs17075115,70.19526973433815,67.24890629349731,2.393035238204998e-16
SNP_A-4247558,0.186775170423556,2.94003623565209e-11,1.52335528439538,A,G,0.904127829560586,0.860930465232616,0.0958721704394141,0.139069534767384,08,EGAV00009213150,rs17211245,44.21642759654664,42.36049533432866,7.590789476338338e-11
SNP_A-4212907,0.176304991633854,7.13376039837128e-12,1.4237327336974,T,C,0.833555259653795,0.77863931965983,0.166444740346205,0.22136068034017,08,EGAV00011795703,rs41359646,46.9903357106982,45.01797193554894,1.952344172504922e-11
SNP_A-4260418,0.81582663204157,1.86693182850177e-15,1.40940624996519,C,A,0.700565912117177,0.624062031015508,0.299434087882823,0.375937968984492,08,EGAV00000979247,rs1380104,63.200582342334506,60.54781263352014,7.181284519434462e-15
SNP_A-1957451,0.48415636504075,6.81861698187841e-54,1.90962565816434,C,T,0.678095872170439,0.524512256128064,0.321904127829561,0.475487743871936,08,EGAV00011807409,rs41537944,238.90394671978018,228.87623606133081,1.0481400479112368e-51
SNP_A-2261787,0.918881584250921,7.85381161198959e-16,0.294606956706733,C,G,0.960386151797603,0.987993996998499,0.0396138482023968,0.0120060030015008,08,EGAV00003868904,rs6474409,64.90648657318923,62.182113551525035,3.131190222015656e-15
SNP_A-2044616,0.465881304501896,3.42354882434519e-18,2.64385802022198,C,G,0.979360852197071,0.947223611805903,0.0206391478029294,0.0527763881940971,08,EGAV00009129558,rs17076408,75.6286668478822,72.45424298821963,1.7095000360799787e-17
SNP_A-2254392,0.998343596385779,1.99702027532943e-9,2.09929039151758,G,A,0.981025299600533,0.960980490245123,0.0189747003994674,0.0390195097548774,09,EGAV00000646495,rs883816,35.97659414904126,34.466519152138005,4.336467461689377e-9
SNP_A-1912192,0.248987143920526,1.60189187100316e-13,1.47082910859904,G,T,0.84254327563249,0.784392196098049,0.15745672436751,0.215607803901951,09,EGAV00005070100,rs7849137,54.44095660587068,52.15586182904308,5.126558818771986e-13
SNP_A-1997755,0.0598178730080906,5.55763837291072e-8,0.586984112609887,G,A,0.936917443408788,0.961980990495248,0.0630825565912117,0.0380190095047524,09,EGAV00009220317,rs17241442,29.511831995994722,28.273107745851974,1.0534944734196057e-7
SNP_A-1927653,0.893748098882865,1.24333324438287e-11,1.34448061898952,T,C,0.710053262316911,0.645572786393197,0.289946737683089,0.354427213606803,10,EGAV00007897778,rs12243326,45.90177384009118,43.97510116223079,3.325797607916324e-11
SNP_A-2305948,0.68117061771802,4.32988006334025e-21,2.4665913170666798,C,T,0.970372836218375,0.929964982491246,0.0296271637816245,0.0700350175087544,10,EGAV00006767197,rs11002433,88.81741189645845,85.08940605913897,2.8517437790625415e-20
SNP_A-2167555,0.696749806513103,1.42704674739106e-11,1.31916813015705,G,C,0.533621837549933,0.46448224112056,0.466378162450067,0.53551775887944,10,EGAV00006946448,rs11196205,45.631816553361,43.71647501338527,3.79563055558673e-11
SNP_A-1859018,0.834272661698746,1.90970829482312e-36,0.594729024026537,C,G,0.461717709720373,0.590545272636318,0.538282290279627,0.409454727363682,10,EGAV00011805345,rs41506144,158.95960306355857,152.2874616954924,5.482762180347882e-35
SNP_A-2130702,0.534074355894844,4.55303508854488e-13,1.3455031502136101,T,C,0.544773635153129,0.470735367683842,0.455226364846871,0.529264632316158,10,EGAV00004409434,rs7077039,52.38884210943789,50.18988241196239,1.395655492608611e-12
SNP_A-1811550,0.805804705302607,9.60615634057422e-12,1.32225198389791,T,C,0.534953395472703,0.465232616308154,0.465046604527297,0.534767383691846,10,EGAV00006946451,rs11196208,46.40720642755605,44.45931881451339,2.596978736758079e-11
SNP_A-1874170,0.930399531933172,8.47022694644446e-149,0.151137600638048,T,A,0.756990679094541,0.953726863431716,0.243009320905459,0.0462731365682841,10,EGAV00005117196,rs7901263,674.9281018508897,646.598792881559,1.2269013864922919e-142
SNP_A-4281917,0.477333760118914,4.40163173451112e-8,1.71127517020559,G,A,0.965712383488682,0.94272136068034,0.0342876165113182,0.0572786393196598,10,EGAV00008998551,rs16917276,29.96390884791191,28.706209206493078,8.423322289816671e-8
SNP_A-2298644,0.806031341587383,3.77195422245494e-13,1.36226761312942,G,A,0.675599201065246,0.604552276138069,0.324400798934754,0.395447723861931,10,EGAV00002804121,rs4132670,52.758458365528085,50.54398446277627,1.1652380238204242e-12
SNP_A-1825381,0.75824994616304,8.46576440539141e-10,2.38114095500459,A,C,0.986517976031957,0.968484242121061,0.0134820239680426,0.0315157578789395,10,EGAV00006761684,rs10996819,37.64974729970119,36.069443677810966,1.9040932994096693e-9
SNP_A-1893548,0.742224065139859,2.87399304767844e-12,1.33158184665568,A,C,0.53595206391478,0.46448224112056,0.46404793608522,0.53551775887944,10,EGAV00006570608,rs10787472,48.772791380367885,46.725611136247004,8.165485207428677e-12
SNP_A-2005462,0.835430562449411,1.45026739816556e-13,1.36966700754676,A,T,0.676098535286285,0.603801900950475,0.323901464713715,0.396198099049525,10,EGAV00003001313,rs4506565,54.63636913440322,52.34307214776676,4.660397641688874e-13
SNP_A-1809965,0.808509539001839,4.56524957128903e-12,1.32801058647424,C,T,0.536784287616511,0.465982991495748,0.463215712383489,0.534017008504252,10,EGAV00002769762,rs4074720,47.86532371864102,45.85623335653607,1.2725755404923846e-11
SNP_A-4271140,0.701539666696352,8.58951507005588e-9,1.37172214010895,A,C,0.856524633821571,0.813156578289145,0.143475366178429,0.186843421710855,10,EGAV00006998005,rs11250253,33.136853751205464,31.745973499494124,1.7571317113389932e-8
SNP_A-2295435,0.199108957170478,2.40916071943066e-11,1.98063789297404,C,T,0.97103861517976,0.944222111055528,0.0289613848202397,0.0557778889444722,10,EGAV00004412789,rs7080464,44.60629294160145,42.73399654254252,6.271284919829853e-11
SNP_A-4280587,0.359402596037031,6.26524920647032e-9,1.40896583784599,C,T,0.881824234354194,0.841170585292646,0.118175765645806,0.158829414707354,10,EGAV00007295630,rs11597556,33.75051386222737,32.33387595301204,1.2983006136102026e-8
SNP_A-1798398,0.126029385869942,2.45374224556286e-37,2.91425010049213,C,T,0.963548601864181,0.900700350175088,0.0364513981358189,0.0992996498249125,10,EGAV00002843415,rs4266996,163.0384153115727,156.19507062261204,7.674329816428448e-36
SNP_A-4273904,0.978335356245502,7.7463357246224e-14,1.57885314980659,G,A,0.897636484687084,0.847423711855928,0.102363515312916,0.152576288144072,10,EGAV00009191634,rs17155289,55.8690279129676,53.52399153172608,2.5545403777735304e-13
SNP_A-1780818,0.907408254563055,1.46122252405147e-24,1.95073554588408,A,T,0.921604527296937,0.85767883941971,0.0783954727030626,0.14232116058029,10,EGAV00000338561,rs490265,104.6447081548421,100.25237027293406,1.34164674284309e-23
SNP_A-1793595,0.708155504112344,1.70140622738062e-13,1.36915197621621,T,C,0.678761651131824,0.60680340170085,0.321238348868176,0.39319659829915,10,EGAV00005117619,rs7901695,54.322521365810196,52.042397768133874,5.431510759785992e-13
SNP_A-1811809,0.585189660938457,6.25906264049439e-8,1.29375091864767,G,A,0.780625832223702,0.733366683341671,0.219374167776298,0.266633316658329,10,EGAV00006577685,rs10795234,29.281493366772068,28.05243730821436,1.1807231214186656e-7
SNP_A-2057316,0.855347242986279,9.79057920871902e-9,1.70323817246908,C,T,0.96138482023968,0.935967983991996,0.0386151797603196,0.064032016008004,10,EGAV00002195217,rs2792689,32.88239694234254,31.502197214286767,1.9921470800409863e-8
SNP_A-2190836,0.787625466574315,1.78659230985248e-11,1.31740486127595,T,C,0.533288948069241,0.46448224112056,0.466711051930759,0.53551775887944,10,EGAV00006658380,rs10885409,45.19171582344388,43.2948469911851,4.708218086203299e-11
SNP_A-1912397,0.310340733598803,2.18719424781924e-8,1.33226960683483,C,G,0.825399467376831,0.780140070035018,0.174600532623169,0.219859929964982,10,EGAV00011795746,rs41360348,31.320837964991995,30.006182828459202,4.3067091558476394e-8
SNP_A-2040970,0.763821555083701,2.30127070781295e-22,0.667370654060426,C,A,0.520805592543276,0.619559779889945,0.479194407456724,0.380440220110055,10,EGAV00011807292,rs41535452,94.62471497082785,90.65295445412669,1.7121619553574704e-21
SNP_A-4269206,0.783937786252583,1.90645921026526e-8,2.29093717816684,A,G,0.987350199733688,0.971485742871436,0.0126498002663116,0.0285142571285643,11,EGAV00011801866,rs41454644,31.587570717871543,30.261719789449447,3.77503284769568e-8
SNP_A-4279836,0.983907391459466,9.95596374752703e-10,1.39302782611753,C,T,0.853195739014647,0.806653326663332,0.146804260985353,0.193346673336668,11,EGAV00000966031,rs1365404,37.33350014053917,35.76647061919092,2.224434079680005e-9
SNP_A-2162071,0.592396492123281,1.08783474357824e-43,3.32874449017719,A,G,0.968375499334221,0.90195097548774394,0.031624500665779,0.0980490245122561,11,EGAV00009162353,rs17116117,192.13388702403063,184.06929431548056,6.265875967493762e-42
SNP_A-2012334,0.432664539780983,1.84667605067971e-16,0.713017346658953,T,C,0.481358189081225,0.565532766383192,0.518641810918775,0.434467233616808,11,EGAV00011804847,rs41498744,67.75989627550375,64.91575475575617,7.816958451895467e-16
SNP_A-4297143,0.362476751681646,2.53857520507153e-8,0.793704793880046,G,T,0.540446071904128,0.597048524262131,0.459553928095872,0.402951475737869,11,EGAV00011802567,rs41464948,31.03163051190994,29.729114516231004,4.9683016216048016e-8
SNP_A-2013013,0.298998901431404,2.23800348493534e-24,1.56732186124709,G,T,0.737849533954727,0.64232116058029,0.262150466045273,0.35767883941971,11,EGAV00011797829,rs41391848,103.80004263135712,99.44315858597614,2.018749953454863e-23
SNP_A-4275886,0.891938195772092,1.259708347784e-11,1.32351377931831,A,G,0.608189081225033,0.539769884942471,0.391810918774967,0.460230115057529,11,EGAV00011804314,rs41490947,45.87614166023597,43.95054486281483,3.367785815389381e-11
SNP_A-1802272,0.826869970363664,2.09017227326008e-20,1.48278076911957,A,G,0.685419440745672,0.595047523761881,0.314580559254328,0.404952476238119,11,EGAV00011803870,rs41483947,85.70373986394728,82.10642672825968,1.2895262408021706e-19
SNP_A-2007896,0.578606835209713,6.61679857341064e-11,1.32874597952271,G,A,0.704227696404794,0.641820910455228,0.295772303595206,0.358179089544772,11,EGAV00011794962,rs41348446,42.62909004911415,40.83978440341505,1.6523474575917267e-10
SNP_A-4288098,0.833851388405052,9.14681489485459e-13,1.3432887774993,A,G,0.604527296937417,0.532266133066533,0.395472703062583,0.467733866933467,12,EGAV00011799373,rs41416849,51.019173130250316,48.87770366853579,2.7243011468316497e-12
SNP_A-2030253,0.988909702278332,1.01806468399041e-11,1.48144883079547,G,T,0.878661784287617,0.830165082541271,0.121338215712383,0.169834917458729,12,EGAV00005694113,rs9668009,46.293397061451756,44.35028646197118,2.7457182588191448e-11
SNP_A-2287515,0.317111099706184,2.03614851643706e-23,1.54275122653104,A,G,0.720039946737683,0.625062531265633,0.279960053262317,0.374937468734367,12,EGAV00011805915,rs41514645,99.4261631176006,95.25286749267512,1.6755530059460205e-22
SNP_A-2101308,0.372938013740241,7.12534496444706e-8,0.389351347038643,A,G,0.974700399467377,0.989994997498749,0.0252996005326232,0.0100050025012506,12,EGAV00004466364,rs7135451,29.030342874137094,27.811828560521022,1.3370614453939962e-7
SNP_A-4249110,0.747947929796947,1.69780318529649e-12,1.38899292905218,T,C,0.772636484687084,0.709854927463732,0.227363515312916,0.290145072536268,12,EGAV00011798516,rs41402844,49.80535075543872,47.71483005255587,4.929485647339674e-12
SNP_A-4279110,0.837203042465714,6.71086705137844e-12,1.69255661396939,C,T,0.941411451398136,0.904702351175588,0.0585885486018642,0.0952976488244122,12,EGAV00001117426,rs1532723,47.110108965394616,45.132717849511955,1.841234138288674e-11
SNP_A-4244115,0.186325974704692,9.80442483014353e-28,2.41980196959393,A,C,0.956890812250333,0.901700850425213,0.0431091877496671,0.0982991495747874,12,EGAV00011803273,rs41475449,119.13084276834252,114.13046651595951,1.2201074141256602e-26
SNP_A-2230761,0.879325276338535,2.12014192729929e-10,1.42404552374114,C,T,0.86401464713715,0.816908454227114,0.13598535286285,0.183091545772886,12,EGAV00001137424,rs1554428,40.35268198686892,38.65892587771864,5.047191726560413e-10
SNP_A-1890619,0.20852741402904,7.97239852721327e-10,1.3762927773582,G,A,0.834553928095872,0.785642821410705,0.165446071904128,0.214357178589295,12,EGAV00000170288,rs285584,37.766877282726334,36.181657268305415,1.7975453926135553e-9
SNP_A-4282954,0.0621089660509348,1.37444370858899e-10,2.12415321777246,C,T,0.979027962716378,0.95647823911956,0.0209720372836218,0.0435217608804402,12,EGAV00003310286,rs4882970,41.19968954642828,39.47038129655617,3.3307317402819916e-10
SNP_A-1820421,0.924027567898176,1.26501246975439e-43,5.15584406795719,G,T,0.98685086551265,0.935717858929465,0.0131491344873502,0.0642821410705353,12,EGAV00007955157,rs12303046,191.83364954477037,183.7816589493799,7.240640976325282e-42
SNP_A-2042243,0.341191645109554,8.68442647999713e-10,1.28602599597344,T,C,0.553428761651132,0.490745372686343,0.446571238348868,0.509254627313657,12,EGAV00011802700,rs41466849,37.60000485150969,36.021789110061604,1.9512336807200813e-9
SNP_A-4275024,0.65909565279816,1.26016902690457e-11,1.59524865884609,C,T,0.923268974700399,0.882941470735368,0.0767310252996005,0.117058529264632,13,EGAV00002917035,rs4379926,45.87542538485121,43.94985865224234,3.3689667394891156e-11
SNP_A-1954795,0.155451539386278,9.56861528593982e-19,0.609098980353381,A,G,0.795938748335553,0.864932466233117,0.204061251664447,0.135067533766883,13,EGAV00011794278,rs41337946,78.14626977704694,74.86617251151075,5.037273539478456e-18
SNP_A-1794613,0.327448019359687,6.11428595266916e-9,1.27015669820001,C,T,0.574733688415446,0.515507753876938,0.425266311584554,0.484492246123062,13,EGAV00011806173,rs41518346,33.79796272515938,32.379333206031,1.2682817446951334e-8
SNP_A-4295310,0.987808988433304,1.80976310407898e-9,1.35184525816637,C,T,0.815579227696405,0.765882941470735,0.184420772303595,0.234117058529265,13,EGAV00005201762,rs7987755,36.168456555694114,34.65032836114986,3.945720094955223e-9
SNP_A-2231853,0.242616991502259,1.31965831794945e-9,1.44805700690958,G,A,0.892643142476698,0.85167583791896,0.107356857523302,0.148324162081041,14,EGAV00009210045,rs17199205,36.78404506196572,35.240078267807206,2.9146320212711026e-9
SNP_A-2128575,0.994625637537673,7.89608896074622e-15,1.37601495925131,T,G,0.578395472703063,0.499249624812406,0.421604527296937,0.500750375187594,14,EGAV00011805979,rs41515544,60.36102903948789,57.82744622277451,2.861491270099034e-14
SNP_A-4303723,0.0610433694843801,5.15537893823787e-11,1.31025915905185,T,C,0.582556591211718,0.51575787893947,0.417443408788282,0.48424212106053,14,EGAV00011806846,rs41528447,43.117322267477135,41.30752365174929,1.3006730538452128e-10
SNP_A-4297956,0.99812402520525,6.05774883984703e-12,0.601296175344522,T,C,0.888315579227696,0.929714857428714,0.111684420772304,0.0702851425712856,14,EGAV00000670371,rs915372,47.310801277560216,45.32498633919407,1.6690612296529513e-11
SNP_A-4218758,0.912783127070552,2.43647957311299e-20,1.69649157098768,G,A,0.883821571238349,0.817658829414707,0.116178428761651,0.182341170585293,14,EGAV00004480560,rs7149905,85.40058953075572,81.81600077182705,1.4936440331246396e-19
SNP_A-4203112,0.169540120632482,2.01867102203256e-13,1.36656996963374,T,C,0.673768308921438,0.601800900450225,0.326231691078562,0.398199099549775,14,EGAV00011795394,rs41355251,53.98654638524044,51.72052494008143,6.399029216924769e-13
SNP_A-1866471,0.961100523614605,2.08145230621291e-9,1.28050467600022,C,G,0.59254327563249,0.531765882941471,0.40745672436751,0.468234117058529,14,EGAV00002541863,rs3742781,35.895909605418034,34.38922124682349,4.51215232914986e-9
SNP_A-4292036,0.962461487962275,2.64417186515274e-8,1.60537539229098,C,T,0.951897470039947,0.92496248124062,0.0481025299600533,0.0750375187593797,14,EGAV00006294519,rs10483456,30.952529877760274,29.653334037662876,5.1663693595940846e-8
SNP_A-2119216,0.618160186639776,1.91708438603447e-8,1.26351598234719,A,T,0.619007989347537,0.562531265632816,0.380992010652463,0.437468734367184,14,EGAV00011805962,rs41515247,31.57677805675812,30.251380137523885,3.795210956236243e-8
SNP_A-1921961,0.97614277502474,8.61503118884362e-19,1.5849648552839,G,C,0.84603861517976,0.776138069034517,0.15396138482024,0.223861930965483,15,EGAV00011793392,rs41324244,78.35364342757391,75.06484189827725,4.5550586468648054e-18
SNP_A-4292751,0.80197612783446,6.02380875016567e-9,1.87219541202571,C,T,0.973202396804261,0.950975487743872,0.026797603195739,0.0490245122561281,15,EGAV00007544560,rs11855683,33.826965985067694,32.40711908840116,1.2502759956825463e-8
SNP_A-1853240,0.774994510720923,3.62513494387295e-11,2.3349349973999,C,T,0.983355525965379,0.961980990495248,0.0166444740346205,0.0380190095047524,15,EGAV00004500059,rs7169802,43.80642238980186,41.967699611303786,9.279363115174832e-11
SNP_A-2055454,0.426968756044197,8.50404791473676e-31,2.21972616375932,C,T,0.935585885486019,0.867433716858429,0.0644141145139814,0.132566283141571,15,EGAV00000227591,rs352483,133.12159391584615,127.53397242817998,1.4195015133561835e-29
SNP_A-4301182,0.861261503720298,3.40167779431941e-8,0.667353690630352,G,C,0.892310252996005,0.925462731365683,0.107689747003995,0.0745372686343172,15,EGAV00002042498,rs2616919,30.463726863407153,29.185047951825215,6.578491378802598e-8
SNP_A-2037492,0.999722785383041,5.14212654081101e-8,1.25290782343062,T,C,0.6008655126498,0.545772886443222,0.3991344873502,0.454227113556778,16,EGAV00004522839,rs7193144,29.66245146635394,28.41740514205114,9.7782245415507e-8
SNP_A-2051764,0.770483717059652,3.30215330949509e-15,1.39166355011673,G,A,0.6512982689747,0.57303651825913,0.3487017310253,0.42696348174087,16,EGAV00011801567,rs41449646,62.07742506309644,59.471798552938985,1.2405926346030675e-14
SNP_A-4296565,0.352321514667814,7.16740738917506e-8,1.70597155105018,G,A,0.966378162450067,0.943971985992996,0.0336218375499334,0.0560280140070035,16,EGAV00007258334,rs11552319,29.018940693289714,27.800904972731573,1.344632005331687e-7
SNP_A-4245242,0.875108096742424,1.86952298387864e-10,1.53991566597028,C,G,0.918608521970706,0.879939969984992,0.0813914780292943,0.120060030015008,16,EGAV00009032641,rs16958951,40.598477260542026,38.89440418543345,4.473611492696349e-10
SNP_A-1895018,0.999961451800938,2.32060005186663e-8,1.26011729176859,C,A,0.601031957390146,0.544522261130565,0.398968042609854,0.455477738869435,16,EGAV00005262922,rs8050136,31.20589753522181,29.896066887310987,4.558365721336201e-8
SNP_A-1955480,0.0845193824886002,5.97885979376285e-11,0.696222800629822,G,C,0.802762982689747,0.853926963481741,0.197237017310253,0.146073036518259,16,EGAV00011794029,rs41334049,42.827407671105995,41.02977787773537,1.4992742123817862e-10
SNP_A-1869547,0.759918789092465,2.36155988587562e-9,0.684946209098164,C,G,0.854360852197071,0.89544772386193106,0.145639147802929,0.104552276138069,16,EGAV00008497002,rs12923504,35.64993314161447,34.15356935421968,5.0929737997079395e-9
SNP_A-1805458,0.950390987711397,1.45901635505819e-9,1.35043786371777,G,A,0.810585885486019,0.760130065032516,0.189414114513981,0.239869934967484,16,EGAV00011795941,rs41363348,36.588342734781,35.05259031438709,3.2091978338597282e-9
SNP_A-2279302,0.767121435362412,1.46940452271313e-22,1.76778861394447,A,C,0.891478029294274,0.822911455727864,0.108521970705726,0.177088544272136,16,EGAV00002650117,rs3888264,95.51276907907837,91.50373354131182,1.1138183363295345e-21
SNP_A-2196363,0.253182343826851,1.33824398997218e-23,1.50830088217543,T,C,0.547603195739015,0.445222611305653,0.452396804260985,0.554777388694347,16,EGAV00011796275,rs41368550,100.2574000032308,96.04921419297277,1.1206287722286264e-22
SNP_A-1955468,0.581863624746298,3.73938799576349e-12,2.31676699864066,T,C,0.981191744340879,0.957478739369685,0.0188082556591212,0.0425212606303152,17,EGAV00011805613,rs41510050,48.256593107397514,46.23107967537752,1.0509655177371635e-11
SNP_A-2129643,0.30211154327231,1.38375350982492e-12,0.409311609742679,T,G,0.95306258322237,0.98024012006003,0.046937416777629803,0.01975987993997,17,EGAV00009030759,rs16956629,50.20668869108127,48.09932230293394,4.051665046309405e-12
SNP_A-2181947,0.602349460106028,2.96824941261179e-8,1.40441181769051,T,G,0.891810918774967,0.854427213606803,0.108189081225033,0.145572786393197,17,EGAV00000624931,rs854636,30.728166560647562,29.438388105475223,5.77228562850948e-8
SNP_A-4252729,0.656048011540858,4.07011996240669e-20,0.680661372907182,G,T,0.544107856191744,0.636818409204602,0.455892143808256,0.363181590795398,17,EGAV00011795734,rs41360245,84.38603774816187,80.84403360059501,2.442541879230312e-19
SNP_A-1805033,0.578635254131708,1.2094760153807e-17,0.657689672110271,G,C,0.725699067909454,0.800900450225113,0.274300932090546,0.199099549774887,18,EGAV00009122734,rs17068201,73.13713112310595,70.06728652923739,5.731564754568446e-17
SNP_A-4223159,0.699593111526657,6.5015028400084e-18,1.51282239012304,C,T,0.801431424766977,0.72736368184092,0.198568575233023,0.27263631815908,18,EGAV00003236448,rs4801109,74.36241731057272,71.2411427778923,3.1612681768279126e-17
SNP_A-2180617,0.686609585697166,2.51388824422617e-8,1.56366087551232,C,T,0.944573901464714,0.915957978989495,0.0554260985352863,0.0840420210105053,18,EGAV00011799354,rs41416645,31.05059830603091,29.74728615962326,4.9219483518161226e-8
SNP_A-2275845,0.663370645552018,3.45128719101767e-10,2.38909207334343,G,A,0.986018641810919,0.967233616808404,0.0139813581890812,0.0327663831915958,18,EGAV00011803569,rs41479544,39.40095170685837,37.747143350785706,8.053456573982249e-10
SNP_A-1913115,0.724909018766562,2.03602182792747e-37,1.90481186423461,A,C,0.845206391478029,0.741370685342671,0.154793608521971,0.258629314657329,18,EGAV00011805646,rs41510648,163.40940244482584,156.55048600964102,6.417643087973152e-36
SNP_A-1857022,0.060428554840118,5.8990386779571e-12,0.753862487078479,C,T,0.48335552596538,0.553776888444222,0.516644474034621,0.446223111555778,18,EGAV00011800904,rs41439844,47.362841796925,45.374842519296685,1.6271100872703917e-11
SNP_A-1898690,0.149511640521905,2.78969989705319e-17,1.78924719368602,C,T,0.927430093209055,0.877188594297149,0.0725699067909454,0.122811405702851,18,EGAV00009135905,rs17084348,71.48785490852791,68.48723673348888,1.2770145232807412e-16
SNP_A-2249684,0.550906767438913,5.88326559378056e-42,2.72586788676008,T,G,0.950066577896138,0.874687343671836,0.0499334221038615,0.125312656328164,18,EGAV00011802960,rs41470451,184.19463364612923,176.4632817099097,2.8686063737583794e-40
SNP_A-4214544,0.366192556284598,8.50454429558724e-10,0.422030772317225,C,G,0.962882822902796,0.983991995997999,0.0371171770972037,0.016008004002001,19,EGAV00004583162,rs7254799,37.640832280868814,36.06090285635202,1.9124572830998777e-9
SNP_A-2171254,0.542774524835343,4.41735548529888e-9,0.509948415622697,T,C,0.950233022636485,0.973986993496748,0.0497669773635153,0.0260130065032516,19,EGAV00011797223,rs41383149,34.43054775442939,32.98536622673237,9.285515933894691e-9
SNP_A-4249007,0.217423486246344,1.83589829967799e-8,1.44961851556265,G,A,0.910619174434088,0.87543771885943,0.0893808255659121,0.12456228114057,19,EGAV00007367608,rs11671855,31.660809922714236,30.331884865274596,3.640914113004893e-8
SNP_A-4232075,0.626927578730908,5.75446749089231e-8,2.02499290465085,G,A,0.982523302263648,0.965232616308154,0.0174766977363515,0.0347673836918459,19,EGAV00000208377,rs329724,29.444379755936893,28.20848673380796,1.0892591615115445e-7
SNP_A-4281637,0.822687923859639,1.24119271280671e-9,0.660268477578803,A,G,0.874167776298269,0.913206603301651,0.125832223701731,0.0867933966983492,19,EGAV00011807400,rs41537748,36.90355747231727,35.35457428605827,2.748223585775504e-9
SNP_A-4286225,0.159020883249094,7.14358694713654e-15,0.563207283914458,G,A,0.883655126498003,0.930965482741371,0.116344873501997,0.0690345172586293,20,EGAV00003703060,rs6027756,60.55817325891761,58.0163155467177,2.5995278708726017e-14
SNP_A-2224219,0.414283882089923,5.87996185506025e-8,1.2508937795977,A,G,0.590046604527297,0.535017508754377,0.409953395472703,0.464982491245623,20,EGAV00011795788,rs41361150,29.402569864678888,28.168431763295104,1.1120359485379067e-7
SNP_A-1780579,0.993397156597732,8.32255623727149e-195,0.106598823952958,C,T,0.729527296937417,0.961980990495248,0.270472703062583,0.0380190095047524,20,EGAV00011798082,rs41396046,886.5291010527301,849.3180903611434,1.0228572164586714e-186
SNP_A-1892834,0.400392234656866,1.17707946575158e-11,1.32068542179403,C,T,0.550099866844208,0.480740370185093,0.449900133155792,0.519259629814907,20,EGAV00011801630,rs41450546,46.00905055965165,44.07787506834297,3.155677554360956e-11
SNP_A-2018383,0.133956719502164,3.39829533482995e-68,0.483736844405689,G,A,0.457057256990679,0.635067533766883,0.542942743009321,0.364932466233117,21,EGAV00011798901,rs41409046,304.52816402389044,291.7459544450667,2.0707730971482814e-65
SNP_A-2016966,0.93135531562072,3.4437017846597e-28,2.03017438290556,C,T,0.920272969374168,0.850425212606303,0.0797270306258322,0.149574787393697,21,EGAV00002229243,rs2829871,121.2064199506117,116.11892380038337,4.4763274517376635e-27
SNP_A-4215751,0.993771298498656,3.1816285848527e-8,1.26254372380309,T,A,0.647636484687084,0.5927963981991,0.352363515312916,0.4072036018009,21,EGAV00000119469,rs226261,30.59346948199556,29.309344777419668,6.169744074474745e-8
SNP_A-4270656,0.428066174894282,1.8001215275854e-13,1.51787110912019,A,C,0.874334221038615,0.820910455227614,0.125665778961385,0.179089544772386,21,EGAV00004602692,rs7281940,54.21169628989214,51.93622444372627,5.733287663777754e-13
SNP_A-4215731,0.226370125830948,9.29573164269223e-8,0.444662662367774,A,G,0.969041278295606,0.985992996498249,0.0309587217043941,0.0140070035017509,21,EGAV00011793040,rs41318949,28.515376391277957,27.31847718682945,1.7255462281828127e-7
SNP_A-2180100,0.947012974464844,1.41390425267852e-47,3.55957801221544,G,A,0.970039946737683,0.900950475237619,0.0299600532623169,0.0990495247623812,22,EGAV00005342824,rs8139244,209.94245729543198,201.13037090846336,1.1834858086350384e-45
SNP_A-4292885,0.260572813258537,4.18172392419515e-15,0.683110113110911,C,T,0.7237017310253,0.793146573286643,0.2762982689747,0.206853426713357,22,EGAV00000297969,rs439231,61.61242081139393,59.02631230483183,1.555775949722687e-14
SNP_A-1825713,0.111675487606627,4.73417131807897e-11,0.737900425711784,T,C,0.692410119840213,0.753126563281641,0.307589880159787,0.246873436718359,22,EGAV00011795635,rs41358645,43.284090746119816,41.46729222070551,1.1985962398119356e-10
SNP_A-2089992,0.0742610818136971,3.30675656100239e-17,0.679944413390263,T,C,0.671770972037284,0.750625312656328,0.328229027962716,0.249374687343672,22,EGAV00009537946,rs28603187,71.15236778330159,68.16583128362873,1.5030785514392926e-16
SNP_A-4241909,0.173356350649806,4.1537117640471e-75,0.166701853842896,C,A,0.869007989347537,0.975487743871936,0.130992010652463,0.024512256128064,22,EGAV00007400198,rs11705626,336.2643747751079,322.1500752782299,4.926892842099914e-72
